longitude,dip_equator,crest_low,crest_mean,crest_high
65.0,7.547,15.471,19.053,23.213
66.1,7.605,15.524,19.108,23.263
67.2,7.663,15.577,19.164,23.314
68.3,7.722,15.632,19.22,23.366
69.4,7.781,15.687,19.276,23.419
70.5,7.839,15.743,19.333,23.473
71.6,7.898,15.8,19.39,23.528
72.7,7.957,15.857,19.448,23.584
73.8,8.016,15.915,19.506,23.641
74.9,8.075,15.973,19.564,23.699
76.0,8.134,16.031,19.622,23.757
77.1,8.193,16.09,19.681,23.815
78.2,8.252,16.149,19.739,23.874
79.3,8.312,16.208,19.798,23.933
80.4,8.371,16.267,19.857,23.993
81.5,8.431,16.326,19.916,24.053
82.6,8.49,16.385,19.975,24.114
83.7,8.55,16.444,20.034,24.175
84.8,8.609,16.503,20.093,24.236
85.9,8.669,16.562,20.152,24.297
87.0,8.728,16.621,20.211,24.359
88.1,8.788,16.68,20.269,24.421
89.2,8.847,16.738,20.327,24.483
90.3,8.905,16.796,20.385,24.545
91.4,8.963,16.854,20.442,24.608
92.5,9.02,16.911,20.5,24.671
93.6,9.076,16.969,20.558,24.734
94.7,9.131,17.026,20.616,24.798
95.8,9.187,17.083,20.676,24.864
96.9,9.243,17.141,20.737,24.931
98.0,9.3,17.2,20.8,25
